Drozd	Jakob	2021	Environmental Science	Music Performance	drozdj@allegheny.edu	0000000000
Quigley	Colin	2021	Neuroscience	Dance and Movement Studies	quigleyc2@allegheny.edu	0000000000
Sutherland	William	2021	History	Energy and Society	sutherlandw@allegheny.edu	0000000000
Caylor	Alton	2022	Environmental Science	Undecided	caylora@allegheny.edu	0000000000
Boshaw	Max	2022	Physics	Energy and Society	boshawm@allegheny.edu	0000000000
Bruner	Nathan	2022	Psycology	Spanish	brunern@allegheny.edu	0000000000
Chavez	Jose	2022	Business	Undecided	chavezj@allegheny.edu	0000000000
Ecker	Zachary	2022	Biology	Undecided	eckerz@allegheny.edu	0000000000
Koscinski	Caden	2022	Computer Science	Economics	koscinskic@allegheny.edu	0000000000
Long	Wesley	2022	Computer Science	Art, Science, and Technology	longw@allegheny.edu	0000000000
Mastalerz	Conner	2022	Economics & Environment Science	N/A	mastalerzc@allegheny.edu	0000000000
Moon	Caleb	2022	Neuroscience & Psychology	N/A	moons@allegheny.edu	0000000000
Salazar	David	2022	Biology	Political Science	salazard@allegheny.edu	0000000000
Ullrich	Danny	2022	Computer Science	Economics	ullrichd@allegheny.edu	0000000000
Wolf	Marcus	2022	Business	Undecided	wolfm@allegheny.edu	0000000000
Yarborough	Aj	2022	Business	Philosophy & Psychology	yarborougha@allegheny.edu	0000000000
Diprose	Ryan	2023	History	Undecided	diproser@allegheny.edu	0000000000
Sesler	Ryan	2023	Biology	Music Performance	seslerr@allegheny.edu	0000000000
Stephenson	Luke	2023	Physics	Philosophy	stephensonl@allegheny.edu	0000000000
